"id","person_id"
"33001","110001"
"33002","110002"
"33003","110003"
"33004","110004"
"33005","110005"
"33006","110006"
"33007","110007"
"33008","110008"
"33009","110009"
"33010","110010"
"33011","110011"
"33012","110012"
"33013","110013"
"33014","110014"
"33015","110015"
"33016","110016"
"33017","110017"
"33018","110018"
"33019","110019"
"33020","110020"
"33021","110021"
"33022","110022"
"33023","110023"
"33024","110024"
"33025","110025"
"33026","110026"
"33027","110027"
"33028","110028"
"33029","110029"
"33030","110030"
"33031","110031"
"33032","110032"
"33033","110033"
"33034","110034"
"33035","110035"
"33036","110036"
"33037","110037"
"33038","110038"
"33039","110039"
"33040","110040"
"33041","110041"
"33042","110042"
"33043","110043"
"33044","110044"
"33045","110045"
"33046","110046"
"33047","110047"
"33048","110048"
"33049","110049"
